{
  "loss": [
    0.02892712876200676,
    0.009837334044277668,
    0.0064261602237820625,
    0.006130271591246128,
    0.004175142850726843,
    0.0036551100201904774,
    0.004728949163109064,
    0.003028666600584984,
    0.004199385643005371,
    0.004683127161115408,
    0.0037060624454170465,
    0.004416454117745161,
    0.0037216544151306152,
    0.0029244129545986652,
    0.004619059152901173,
    0.0032609684858471155,
    0.0037115260493010283,
    0.0032400055788457394,
    0.0031753152143210173,
    0.003141393419355154
  ],
  "val_loss": [
    0.00884995050728321,
    0.013815080747008324,
    0.006468426436185837,
    0.007318464573472738,
    0.003321659518405795,
    0.00778971565887332,
    0.008356621488928795,
    0.008205211721360683,
    0.003531777299940586,
    0.003252218011766672,
    0.004806178621947765,
    0.0074965618550777435,
    0.0036449742037802935,
    0.004731547087430954,
    0.00357068725861609,
    0.0048600067384541035,
    0.008992425166070461,
    0.0040305196307599545,
    0.007028445601463318,
    0.0066152699291706085
  ],
  "mae": [
    0.1325511634349823,
    0.07138611376285553,
    0.06382150948047638,
    0.057958655059337616,
    0.04693467915058136,
    0.04567418247461319,
    0.04779660329222679,
    0.04379386082291603,
    0.04795641079545021,
    0.04977862164378166,
    0.046800244599580765,
    0.04996712878346443,
    0.04386596754193306,
    0.041512005031108856,
    0.047343384474515915,
    0.03946583718061447,
    0.04567995294928551,
    0.041834451258182526,
    0.04107291251420975,
    0.0438593365252018
  ],
  "val_mae": [
    0.08012121170759201,
    0.10138946771621704,
    0.06778499484062195,
    0.07264973968267441,
    0.05140665918588638,
    0.0746183842420578,
    0.07651003450155258,
    0.07616978883743286,
    0.05451766401529312,
    0.05160950496792793,
    0.06235653907060623,
    0.07365868240594864,
    0.05555805563926697,
    0.06218026578426361,
    0.04923078417778015,
    0.0625917986035347,
    0.07998844236135483,
    0.05799310654401779,
    0.07215610146522522,
    0.07056355476379395
  ]
}