{
  "loss": [
    0.040086910128593445,
    0.013184590265154839,
    0.008377496153116226,
    0.006756799761205912,
    0.006422600243240595,
    0.006833481602370739,
    0.005775005090981722,
    0.004996135830879211,
    0.0054864357225596905,
    0.006507820449769497,
    0.0053859008476138115,
    0.004623441956937313
  ],
  "val_loss": [
    0.07272844016551971,
    0.00941167026758194,
    0.022867515683174133,
    0.015947792679071426,
    0.013768642209470272,
    0.018513906747102737,
    0.01648811250925064,
    0.022989725694060326,
    0.019403088837862015,
    0.0139202531427145,
    0.02751867100596428,
    0.020444808527827263
  ],
  "mae": [
    0.1569480001926422,
    0.08675521612167358,
    0.07083015888929367,
    0.05863361433148384,
    0.05874483659863472,
    0.05843164399266243,
    0.058438900858163834,
    0.05520487204194069,
    0.05792287737131119,
    0.05832124128937721,
    0.05490465462207794,
    0.049484990537166595
  ],
  "val_mae": [
    0.25024473667144775,
    0.08148853480815887,
    0.13064409792423248,
    0.10547930002212524,
    0.09620874375104904,
    0.11472001671791077,
    0.10589791089296341,
    0.13006266951560974,
    0.11768694967031479,
    0.0963885486125946,
    0.1439974159002304,
    0.12145693600177765
  ]
}