{
  "loss": [
    0.050614453852176666,
    0.017340408638119698,
    0.009255330078303814,
    0.008018076419830322,
    0.0056955041363835335,
    0.0053313979879021645,
    0.004777902737259865,
    0.004244424402713776,
    0.00490993820130825,
    0.005028718616813421,
    0.004968213848769665,
    0.004381735343486071,
    0.004512591287493706,
    0.004608152434229851,
    0.004424944054335356,
    0.0045496877282857895,
    0.0043434882536530495,
    0.004130097571760416,
    0.004180913791060448,
    0.00486221257597208,
    0.0042223744094371796
  ],
  "val_loss": [
    0.06750968098640442,
    0.0037824937608093023,
    0.02274572104215622,
    0.007202120032161474,
    0.008859592489898205,
    0.004653399810194969,
    0.008449919521808624,
    0.004626967012882233,
    0.0032613896764814854,
    0.007125844247639179,
    0.002275775419548154,
    0.006212168838828802,
    0.002765060868114233,
    0.00531473895534873,
    0.002803490962833166,
    0.004055462311953306,
    0.004137334879487753,
    0.004567345604300499,
    0.005130719393491745,
    0.0032178848050534725,
    0.004970217123627663
  ],
  "mae": [
    0.1760539412498474,
    0.1076650395989418,
    0.07620213180780411,
    0.0711279958486557,
    0.06017158553004265,
    0.05649438127875328,
    0.05275152251124382,
    0.05184771865606308,
    0.0558183379471302,
    0.05706462636590004,
    0.05543837696313858,
    0.053718775510787964,
    0.053705938160419464,
    0.054326124489307404,
    0.052726808935403824,
    0.054244909435510635,
    0.052692972123622894,
    0.05116249993443489,
    0.05045571178197861,
    0.05575795844197273,
    0.051465895026922226
  ],
  "val_mae": [
    0.25688815116882324,
    0.05278395861387253,
    0.1468489170074463,
    0.07874485105276108,
    0.08898703753948212,
    0.06153669208288193,
    0.08681966364383698,
    0.061213526874780655,
    0.048880353569984436,
    0.0783669501543045,
    0.038210634142160416,
    0.07230425626039505,
    0.04334297403693199,
    0.06603635847568512,
    0.04411492496728897,
    0.05615199729800224,
    0.05686026066541672,
    0.06037212535738945,
    0.06458598375320435,
    0.04833563417196274,
    0.06340975314378738
  ]
}