{
  "loss": [
    0.13305971026420593,
    0.02558768168091774,
    0.02169620618224144,
    0.02259077876806259,
    0.021733460947871208,
    0.01406423095613718,
    0.015037983655929565,
    0.015893027186393738,
    0.011564107611775398,
    0.011846858076751232,
    0.01250417996197939,
    0.012738976627588272,
    0.010398803278803825
  ],
  "val_loss": [
    0.009591358713805676,
    0.07840881496667862,
    0.005903426557779312,
    0.03361384943127632,
    0.04568013548851013,
    0.010607854463160038,
    0.02416149526834488,
    0.018164033070206642,
    0.018188919872045517,
    0.01527691725641489,
    0.017374755814671516,
    0.01761956512928009,
    0.012539530172944069
  ],
  "mae": [
    0.29693591594696045,
    0.1291830986738205,
    0.12045600265264511,
    0.11617998033761978,
    0.11419789493083954,
    0.09400483965873718,
    0.10085800290107727,
    0.09893476963043213,
    0.08163201808929443,
    0.08361392468214035,
    0.08956789970397949,
    0.08608409762382507,
    0.08033259958028793
  ],
  "val_mae": [
    0.07816947251558304,
    0.2740078568458557,
    0.05882960185408592,
    0.17386700212955475,
    0.2056436985731125,
    0.08450393378734589,
    0.14388065040111542,
    0.1210615262389183,
    0.12110413610935211,
    0.1083010882139206,
    0.11755670607089996,
    0.118568554520607,
    0.09470115602016449
  ]
}