{
  "loss": [
    0.044961944222450256,
    0.01846042089164257,
    0.020157981663942337,
    0.01342995185405016,
    0.01494735386222601,
    0.013890396803617477,
    0.014210193417966366,
    0.009725300595164299,
    0.010961340740323067,
    0.010480166412889957,
    0.0113456379622221,
    0.011476892046630383,
    0.00929497554898262,
    0.011128276586532593,
    0.00741967000067234,
    0.008659384213387966,
    0.0103197256103158
  ],
  "val_loss": [
    0.03802070766687393,
    0.015373286791145802,
    0.024228885769844055,
    0.01948569342494011,
    0.015468123368918896,
    0.013981705531477928,
    0.01093524694442749,
    0.014682254754006863,
    0.012807817198336124,
    0.013033428229391575,
    0.011314633302390575,
    0.012315422296524048,
    0.012018595822155476,
    0.011574814096093178,
    0.013816841877996922,
    0.012704405002295971,
    0.021351203322410583
  ],
  "mae": [
    0.1733553409576416,
    0.1060684472322464,
    0.11482208967208862,
    0.09327641129493713,
    0.09517654776573181,
    0.0925280973315239,
    0.08662579208612442,
    0.08041927963495255,
    0.08113124966621399,
    0.08198338001966476,
    0.08244692534208298,
    0.08332748711109161,
    0.07688887417316437,
    0.08515326678752899,
    0.06707639992237091,
    0.0726776272058487,
    0.08012869209051132
  ],
  "val_mae": [
    0.1648336946964264,
    0.10118486732244492,
    0.13206544518470764,
    0.1179521307349205,
    0.10585913062095642,
    0.09950336813926697,
    0.08250196278095245,
    0.10242816805839539,
    0.08651042729616165,
    0.09125562757253647,
    0.08199527859687805,
    0.08586415648460388,
    0.08515872806310654,
    0.08316846936941147,
    0.09308470785617828,
    0.08706963807344437,
    0.12469598650932312
  ]
}