{
  "loss": [
    0.09100881218910217,
    0.04564259573817253,
    0.02860584668815136,
    0.02370888739824295,
    0.024347757920622826,
    0.02457074448466301,
    0.02627681754529476,
    0.021047253161668777,
    0.02092677913606167,
    0.018353942781686783,
    0.02118813432753086
  ],
  "val_loss": [
    0.004381981678307056,
    0.016770321875810623,
    0.008149792440235615,
    0.013862870633602142,
    0.008473161607980728,
    0.014829014427959919,
    0.008690805174410343,
    0.009004628285765648,
    0.01347256824374199,
    0.007787351030856371,
    0.009972956031560898
  ],
  "mae": [
    0.23387397825717926,
    0.16110274195671082,
    0.1356092095375061,
    0.12290316820144653,
    0.1215396299958229,
    0.12183498591184616,
    0.1272745281457901,
    0.11263986676931381,
    0.11329913139343262,
    0.107828788459301,
    0.11449717730283737
  ],
  "val_mae": [
    0.051295552402734756,
    0.10007272660732269,
    0.06573792546987534,
    0.08307299762964249,
    0.06501305103302002,
    0.08843892812728882,
    0.0649980902671814,
    0.06569074839353561,
    0.0829579159617424,
    0.0648731216788292,
    0.06856675446033478
  ]
}