{
  "loss": [
    0.010194259695708752,
    0.006317434832453728,
    0.005095950793474913,
    0.003519553691148758,
    0.0032340148463845253,
    0.0034076732117682695,
    0.0038596231024712324,
    0.0030211678240448236,
    0.00276605854742229,
    0.002948657376691699,
    0.002626870758831501,
    0.0032195732928812504,
    0.002557537518441677
  ],
  "val_loss": [
    0.04211968556046486,
    0.04137008637189865,
    0.017567142844200134,
    0.03137574344873428,
    0.023854000493884087,
    0.024517232552170753,
    0.030994897708296776,
    0.030592478811740875,
    0.02615891396999359,
    0.02209518477320671,
    0.0280354842543602,
    0.020195944234728813,
    0.025952758267521858
  ],
  "mae": [
    0.08059979975223541,
    0.062275782227516174,
    0.058351222425699234,
    0.04775508865714073,
    0.045105986297130585,
    0.04661901667714119,
    0.05032416060566902,
    0.04348321259021759,
    0.04164259508252144,
    0.04282134771347046,
    0.038891199976205826,
    0.04643362760543823,
    0.039029207080602646
  ],
  "val_mae": [
    0.19160358607769012,
    0.1901726871728897,
    0.11262722313404083,
    0.162467822432518,
    0.13786724209785461,
    0.14038676023483276,
    0.16182349622249603,
    0.16073337197303772,
    0.14639782905578613,
    0.1318712830543518,
    0.15245845913887024,
    0.12435310333967209,
    0.14543236792087555
  ]
}