{
  "loss": [
    0.05716070160269737,
    0.012163667008280754,
    0.007979818619787693,
    0.006146013271063566,
    0.005576637573540211,
    0.004949613939970732,
    0.004520791117101908,
    0.0037147137336432934,
    0.003613162785768509,
    0.003902779659256339,
    0.005305296275764704,
    0.0046481238678097725,
    0.005153335630893707,
    0.004195797722786665,
    0.005113390274345875,
    0.0038905665278434753,
    0.004827696830034256,
    0.0032992353662848473,
    0.0039025007281452417,
    0.0033470354974269867,
    0.0031976960599422455,
    0.003825089195743203
  ],
  "val_loss": [
    0.11005248874425888,
    0.07993194460868835,
    0.058541420847177505,
    0.052877482026815414,
    0.03699944168329239,
    0.059341639280319214,
    0.034377239644527435,
    0.04378615319728851,
    0.037811972200870514,
    0.03916884958744049,
    0.05117112025618553,
    0.022266950458288193,
    0.06596878170967102,
    0.028323234990239143,
    0.032384272664785385,
    0.030565999448299408,
    0.044124871492385864,
    0.026574330404400826,
    0.039493247866630554,
    0.03249693289399147,
    0.04267897084355354,
    0.03641457483172417
  ],
  "mae": [
    0.18188457190990448,
    0.08695477247238159,
    0.07573200762271881,
    0.06010788679122925,
    0.06038173288106918,
    0.050298504531383514,
    0.04982389509677887,
    0.04566188529133797,
    0.0444672629237175,
    0.047252241522073746,
    0.05415453016757965,
    0.05048561841249466,
    0.05102977529168129,
    0.04980211704969406,
    0.05237507447600365,
    0.04598401114344597,
    0.05219324305653572,
    0.04365869611501694,
    0.04536645486950874,
    0.04221421480178833,
    0.042322900146245956,
    0.04631364345550537
  ],
  "val_mae": [
    0.3191896677017212,
    0.26859381794929504,
    0.22689186036586761,
    0.214682936668396,
    0.17445231974124908,
    0.2293199896812439,
    0.16729645431041718,
    0.19325298070907593,
    0.17714305222034454,
    0.1805558204650879,
    0.21073321998119354,
    0.1287362426519394,
    0.24322651326656342,
    0.14821159839630127,
    0.16082768142223358,
    0.1540621668100357,
    0.19180896878242493,
    0.14083795249462128,
    0.1794532835483551,
    0.15908777713775635,
    0.1878976672887802,
    0.17055386304855347
  ]
}